{
    "abbreviation": true, 
    "background_color": true, 
    "blockquote": true, 
    "button_placement": "adjacent", 
    "code": true, 
    "code_class": "myCodeClass", 
    "definition_list": true, 
    "fixed_ol_type": "", 
    "heading": true, 
    "horizontal_rule": true, 
    "hyperlink": true, 
    "indent": true, 
    "keyboard": true, 
    "last_bg_color": "#20ffff", 
    "markdown": true, 
    "markdown_always_revert": false, 
    "markdown_classful_pygments": false, 
    "markdown_code_direction": "left", 
    "markdown_line_nums": false, 
    "markdown_override_editing": true, 
    "markdown_syntax_style": "monokai", 
    "ordered_list": true, 
    "outdent": true, 
    "pre": true, 
    "strikethrough": true, 
    "style_table": true, 
    "table": true, 
    "text_align": true, 
    "unordered_list": true
}